{
    "entries": [
        {
            "value": "CurtModeList",
            "$type": "kOS.Safe.Encapsulation.StringValue"
        },
        {
            "entries": [
                
            ],
            "$type": "kOS.Safe.Encapsulation.Lexicon"
        },
        {
            "value": "ShipTime",
            "$type": "kOS.Safe.Encapsulation.StringValue"
        },
        {
            "value": 11.399999745190144,
            "$type": "kOS.Safe.Encapsulation.ScalarDoubleValue"
        },
        {
            "value": "LaunchTime",
            "$type": "kOS.Safe.Encapsulation.StringValue"
        },
        {
            "value": 30.899999532848597,
            "$type": "kOS.Safe.Encapsulation.ScalarDoubleValue"
        },
        {
            "value": "EngineList",
            "$type": "kOS.Safe.Encapsulation.StringValue"
        },
        {
            "entries": [
                {
                    "value": "FH_Core_Engine",
                    "$type": "kOS.Safe.Encapsulation.StringValue"
                },
                {
                    "entries": [
                        {
                            "value": "CurtMode",
                            "$type": "kOS.Safe.Encapsulation.StringValue"
                        },
                        {
                            "value": "Full",
                            "$type": "kOS.Safe.Encapsulation.StringValue"
                        },
                        {
                            "value": "Status",
                            "$type": "kOS.Safe.Encapsulation.StringValue"
                        },
                        {
                            "value": true,
                            "$type": "kOS.Safe.Encapsulation.BooleanValue"
                        },
                        {
                            "value": "Mode",
                            "$type": "kOS.Safe.Encapsulation.StringValue"
                        },
                        {
                            "items": [
                                {
                                    "value": "Full",
                                    "$type": "kOS.Safe.Encapsulation.StringValue"
                                },
                                {
                                    "value": "Three",
                                    "$type": "kOS.Safe.Encapsulation.StringValue"
                                },
                                {
                                    "value": "Center",
                                    "$type": "kOS.Safe.Encapsulation.StringValue"
                                }
                            ],
                            "$type": "kOS.Safe.Encapsulation.ListValue"
                        }
                    ],
                    "$type": "kOS.Safe.Encapsulation.Lexicon"
                },
                {
                    "value": "FH_Side_Engine_1",
                    "$type": "kOS.Safe.Encapsulation.StringValue"
                },
                {
                    "entries": [
                        {
                            "value": "CurtMode",
                            "$type": "kOS.Safe.Encapsulation.StringValue"
                        },
                        {
                            "value": "Center",
                            "$type": "kOS.Safe.Encapsulation.StringValue"
                        },
                        {
                            "value": "Status",
                            "$type": "kOS.Safe.Encapsulation.StringValue"
                        },
                        {
                            "value": true,
                            "$type": "kOS.Safe.Encapsulation.BooleanValue"
                        },
                        {
                            "value": "Mode",
                            "$type": "kOS.Safe.Encapsulation.StringValue"
                        },
                        {
                            "items": [
                                {
                                    "value": "Full",
                                    "$type": "kOS.Safe.Encapsulation.StringValue"
                                },
                                {
                                    "value": "Three",
                                    "$type": "kOS.Safe.Encapsulation.StringValue"
                                },
                                {
                                    "value": "Center",
                                    "$type": "kOS.Safe.Encapsulation.StringValue"
                                }
                            ],
                            "$type": "kOS.Safe.Encapsulation.ListValue"
                        }
                    ],
                    "$type": "kOS.Safe.Encapsulation.Lexicon"
                },
                {
                    "value": "FH_Side_Engine_2",
                    "$type": "kOS.Safe.Encapsulation.StringValue"
                },
                {
                    "entries": [
                        {
                            "value": "CurtMode",
                            "$type": "kOS.Safe.Encapsulation.StringValue"
                        },
                        {
                            "value": "Center",
                            "$type": "kOS.Safe.Encapsulation.StringValue"
                        },
                        {
                            "value": "Status",
                            "$type": "kOS.Safe.Encapsulation.StringValue"
                        },
                        {
                            "value": true,
                            "$type": "kOS.Safe.Encapsulation.BooleanValue"
                        },
                        {
                            "value": "Mode",
                            "$type": "kOS.Safe.Encapsulation.StringValue"
                        },
                        {
                            "items": [
                                {
                                    "value": "Full",
                                    "$type": "kOS.Safe.Encapsulation.StringValue"
                                },
                                {
                                    "value": "Three",
                                    "$type": "kOS.Safe.Encapsulation.StringValue"
                                },
                                {
                                    "value": "Center",
                                    "$type": "kOS.Safe.Encapsulation.StringValue"
                                }
                            ],
                            "$type": "kOS.Safe.Encapsulation.ListValue"
                        }
                    ],
                    "$type": "kOS.Safe.Encapsulation.Lexicon"
                },
                {
                    "value": "FH_VacEngine",
                    "$type": "kOS.Safe.Encapsulation.StringValue"
                },
                {
                    "entries": [
                        {
                            "value": "CurtMode",
                            "$type": "kOS.Safe.Encapsulation.StringValue"
                        },
                        {
                            "value": false,
                            "$type": "kOS.Safe.Encapsulation.BooleanValue"
                        },
                        {
                            "value": "Status",
                            "$type": "kOS.Safe.Encapsulation.StringValue"
                        },
                        {
                            "value": false,
                            "$type": "kOS.Safe.Encapsulation.BooleanValue"
                        },
                        {
                            "value": "Mode",
                            "$type": "kOS.Safe.Encapsulation.StringValue"
                        },
                        {
                            "items": [
                                
                            ],
                            "$type": "kOS.Safe.Encapsulation.ListValue"
                        }
                    ],
                    "$type": "kOS.Safe.Encapsulation.Lexicon"
                },
                {
                    "value": "FH_39ABase",
                    "$type": "kOS.Safe.Encapsulation.StringValue"
                },
                {
                    "entries": [
                        {
                            "value": "CurtMode",
                            "$type": "kOS.Safe.Encapsulation.StringValue"
                        },
                        {
                            "value": false,
                            "$type": "kOS.Safe.Encapsulation.BooleanValue"
                        },
                        {
                            "value": "Status",
                            "$type": "kOS.Safe.Encapsulation.StringValue"
                        },
                        {
                            "value": true,
                            "$type": "kOS.Safe.Encapsulation.BooleanValue"
                        },
                        {
                            "value": "Mode",
                            "$type": "kOS.Safe.Encapsulation.StringValue"
                        },
                        {
                            "items": [
                                
                            ],
                            "$type": "kOS.Safe.Encapsulation.ListValue"
                        }
                    ],
                    "$type": "kOS.Safe.Encapsulation.Lexicon"
                }
            ],
            "$type": "kOS.Safe.Encapsulation.Lexicon"
        },
        {
            "value": "CheckList",
            "$type": "kOS.Safe.Encapsulation.StringValue"
        },
        {
            "entries": [
                {
                    "value": "Retract",
                    "$type": "kOS.Safe.Encapsulation.StringValue"
                },
                {
                    "value": true,
                    "$type": "kOS.Safe.Encapsulation.BooleanValue"
                },
                {
                    "value": "WaterDeluge",
                    "$type": "kOS.Safe.Encapsulation.StringValue"
                },
                {
                    "value": true,
                    "$type": "kOS.Safe.Encapsulation.BooleanValue"
                },
                {
                    "value": "Ignition",
                    "$type": "kOS.Safe.Encapsulation.StringValue"
                },
                {
                    "value": true,
                    "$type": "kOS.Safe.Encapsulation.BooleanValue"
                },
                {
                    "value": "Liftoff",
                    "$type": "kOS.Safe.Encapsulation.StringValue"
                },
                {
                    "value": true,
                    "$type": "kOS.Safe.Encapsulation.BooleanValue"
                },
                {
                    "value": "BECO",
                    "$type": "kOS.Safe.Encapsulation.StringValue"
                },
                {
                    "value": true,
                    "$type": "kOS.Safe.Encapsulation.BooleanValue"
                },
                {
                    "value": "BECO_StageSep",
                    "$type": "kOS.Safe.Encapsulation.StringValue"
                },
                {
                    "value": true,
                    "$type": "kOS.Safe.Encapsulation.BooleanValue"
                },
                {
                    "value": "MECO",
                    "$type": "kOS.Safe.Encapsulation.StringValue"
                },
                {
                    "value": false,
                    "$type": "kOS.Safe.Encapsulation.BooleanValue"
                },
                {
                    "value": "MECO_StageSep",
                    "$type": "kOS.Safe.Encapsulation.StringValue"
                },
                {
                    "value": false,
                    "$type": "kOS.Safe.Encapsulation.BooleanValue"
                },
                {
                    "value": "SES-1",
                    "$type": "kOS.Safe.Encapsulation.StringValue"
                },
                {
                    "value": false,
                    "$type": "kOS.Safe.Encapsulation.BooleanValue"
                },
                {
                    "value": "SECO-1",
                    "$type": "kOS.Safe.Encapsulation.StringValue"
                },
                {
                    "value": false,
                    "$type": "kOS.Safe.Encapsulation.BooleanValue"
                },
                {
                    "value": "FairingSep",
                    "$type": "kOS.Safe.Encapsulation.StringValue"
                },
                {
                    "value": true,
                    "$type": "kOS.Safe.Encapsulation.BooleanValue"
                },
                {
                    "value": "ToggleSoot",
                    "$type": "kOS.Safe.Encapsulation.StringValue"
                },
                {
                    "value": true,
                    "$type": "kOS.Safe.Encapsulation.BooleanValue"
                }
            ],
            "$type": "kOS.Safe.Encapsulation.Lexicon"
        },
        {
            "value": "LaunchT",
            "$type": "kOS.Safe.Encapsulation.StringValue"
        },
        {
            "value": 62762.682604931295,
            "$type": "kOS.Safe.Encapsulation.ScalarDoubleValue"
        }
    ],
    "$type": "kOS.Safe.Encapsulation.Lexicon"
}