{
    "entries": [
        {
            "value": "Auto Save",
            "$type": "kOS.Safe.Encapsulation.StringValue"
        },
        {
            "entries": [
                {
                    "value": "title",
                    "$type": "kOS.Safe.Encapsulation.StringValue"
                },
                {
                    "value": "Falcon Heavy",
                    "$type": "kOS.Safe.Encapsulation.StringValue"
                },
                {
                    "value": "ap",
                    "$type": "kOS.Safe.Encapsulation.StringValue"
                },
                {
                    "value": 1500000,
                    "$type": "kOS.Safe.Encapsulation.ScalarIntValue"
                },
                {
                    "value": "pe",
                    "$type": "kOS.Safe.Encapsulation.StringValue"
                },
                {
                    "value": 1500000,
                    "$type": "kOS.Safe.Encapsulation.ScalarIntValue"
                },
                {
                    "value": "inc",
                    "$type": "kOS.Safe.Encapsulation.StringValue"
                },
                {
                    "value": 0,
                    "$type": "kOS.Safe.Encapsulation.ScalarIntValue"
                },
                {
                    "value": "lng",
                    "$type": "kOS.Safe.Encapsulation.StringValue"
                },
                {
                    "value": 0,
                    "$type": "kOS.Safe.Encapsulation.ScalarIntValue"
                },
                {
                    "value": "aop",
                    "$type": "kOS.Safe.Encapsulation.StringValue"
                },
                {
                    "value": 0,
                    "$type": "kOS.Safe.Encapsulation.ScalarIntValue"
                },
                {
                    "value": "lz-1",
                    "$type": "kOS.Safe.Encapsulation.StringValue"
                },
                {
                    "entries": [
                        {
                            "value": "title",
                            "$type": "kOS.Safe.Encapsulation.StringValue"
                        },
                        {
                            "value": "OCISLY",
                            "$type": "kOS.Safe.Encapsulation.StringValue"
                        },
                        {
                            "value": "latlng",
                            "$type": "kOS.Safe.Encapsulation.StringValue"
                        },
                        {
                            "lat": 27.40940469,
                            "lng": -62.10615024,
                            "body": {
                                "name": "Earth",
                                "$type": "kOS.Suffixed.BodyTarget"
                            },
                            "$type": "kOS.Suffixed.GeoCoordinates"
                        },
                        {
                            "value": "alt",
                            "$type": "kOS.Safe.Encapsulation.StringValue"
                        },
                        {
                            "value": 3.5,
                            "$type": "kOS.Safe.Encapsulation.ScalarDoubleValue"
                        },
                        {
                            "value": "type",
                            "$type": "kOS.Safe.Encapsulation.StringValue"
                        },
                        {
                            "value": 2,
                            "$type": "kOS.Safe.Encapsulation.ScalarIntValue"
                        },
                        {
                            "value": "capacity",
                            "$type": "kOS.Safe.Encapsulation.StringValue"
                        },
                        {
                            "value": 100000,
                            "$type": "kOS.Safe.Encapsulation.ScalarIntValue"
                        }
                    ],
                    "$type": "kOS.Safe.Encapsulation.Lexicon"
                },
                {
                    "value": "lz-2",
                    "$type": "kOS.Safe.Encapsulation.StringValue"
                },
                {
                    "entries": [
                        {
                            "value": "title",
                            "$type": "kOS.Safe.Encapsulation.StringValue"
                        },
                        {
                            "value": "CCSFS LZ-1",
                            "$type": "kOS.Safe.Encapsulation.StringValue"
                        },
                        {
                            "value": "latlng",
                            "$type": "kOS.Safe.Encapsulation.StringValue"
                        },
                        {
                            "lat": 28.32617,
                            "lng": -80.35055,
                            "body": {
                                "name": "Earth",
                                "$type": "kOS.Suffixed.BodyTarget"
                            },
                            "$type": "kOS.Suffixed.GeoCoordinates"
                        },
                        {
                            "value": "alt",
                            "$type": "kOS.Safe.Encapsulation.StringValue"
                        },
                        {
                            "value": 0,
                            "$type": "kOS.Safe.Encapsulation.ScalarIntValue"
                        },
                        {
                            "value": "type",
                            "$type": "kOS.Safe.Encapsulation.StringValue"
                        },
                        {
                            "value": 1,
                            "$type": "kOS.Safe.Encapsulation.ScalarIntValue"
                        },
                        {
                            "value": "capacity",
                            "$type": "kOS.Safe.Encapsulation.StringValue"
                        },
                        {
                            "value": 1000000,
                            "$type": "kOS.Safe.Encapsulation.ScalarIntValue"
                        }
                    ],
                    "$type": "kOS.Safe.Encapsulation.Lexicon"
                },
                {
                    "value": "lz-3",
                    "$type": "kOS.Safe.Encapsulation.StringValue"
                },
                {
                    "entries": [
                        {
                            "value": "title",
                            "$type": "kOS.Safe.Encapsulation.StringValue"
                        },
                        {
                            "value": "CCSFS LZ-2",
                            "$type": "kOS.Safe.Encapsulation.StringValue"
                        },
                        {
                            "value": "latlng",
                            "$type": "kOS.Safe.Encapsulation.StringValue"
                        },
                        {
                            "lat": 28.33238,
                            "lng": -80.35655,
                            "body": {
                                "name": "Earth",
                                "$type": "kOS.Suffixed.BodyTarget"
                            },
                            "$type": "kOS.Suffixed.GeoCoordinates"
                        },
                        {
                            "value": "alt",
                            "$type": "kOS.Safe.Encapsulation.StringValue"
                        },
                        {
                            "value": 0,
                            "$type": "kOS.Safe.Encapsulation.ScalarIntValue"
                        },
                        {
                            "value": "type",
                            "$type": "kOS.Safe.Encapsulation.StringValue"
                        },
                        {
                            "value": 1,
                            "$type": "kOS.Safe.Encapsulation.ScalarIntValue"
                        },
                        {
                            "value": "capacity",
                            "$type": "kOS.Safe.Encapsulation.StringValue"
                        },
                        {
                            "value": 1000000,
                            "$type": "kOS.Safe.Encapsulation.ScalarIntValue"
                        }
                    ],
                    "$type": "kOS.Safe.Encapsulation.Lexicon"
                },
                {
                    "value": "lz-4",
                    "$type": "kOS.Safe.Encapsulation.StringValue"
                },
                {
                    "entries": [
                        {
                            "value": "title",
                            "$type": "kOS.Safe.Encapsulation.StringValue"
                        },
                        {
                            "value": "Expendable",
                            "$type": "kOS.Safe.Encapsulation.StringValue"
                        },
                        {
                            "value": "latlng",
                            "$type": "kOS.Safe.Encapsulation.StringValue"
                        },
                        {
                            "lat": 0,
                            "lng": 0,
                            "body": {
                                "name": "Earth",
                                "$type": "kOS.Suffixed.BodyTarget"
                            },
                            "$type": "kOS.Suffixed.GeoCoordinates"
                        },
                        {
                            "value": "alt",
                            "$type": "kOS.Safe.Encapsulation.StringValue"
                        },
                        {
                            "value": 0,
                            "$type": "kOS.Safe.Encapsulation.ScalarIntValue"
                        },
                        {
                            "value": "type",
                            "$type": "kOS.Safe.Encapsulation.StringValue"
                        },
                        {
                            "value": 0,
                            "$type": "kOS.Safe.Encapsulation.ScalarIntValue"
                        },
                        {
                            "value": "capacity",
                            "$type": "kOS.Safe.Encapsulation.StringValue"
                        },
                        {
                            "value": 100000,
                            "$type": "kOS.Safe.Encapsulation.ScalarIntValue"
                        }
                    ],
                    "$type": "kOS.Safe.Encapsulation.Lexicon"
                },
                {
                    "value": "lz-5",
                    "$type": "kOS.Safe.Encapsulation.StringValue"
                },
                {
                    "entries": [
                        {
                            "value": "title",
                            "$type": "kOS.Safe.Encapsulation.StringValue"
                        },
                        {
                            "value": "Expendable",
                            "$type": "kOS.Safe.Encapsulation.StringValue"
                        },
                        {
                            "value": "latlng",
                            "$type": "kOS.Safe.Encapsulation.StringValue"
                        },
                        {
                            "lat": 0,
                            "lng": 0,
                            "body": {
                                "name": "Earth",
                                "$type": "kOS.Suffixed.BodyTarget"
                            },
                            "$type": "kOS.Suffixed.GeoCoordinates"
                        },
                        {
                            "value": "alt",
                            "$type": "kOS.Safe.Encapsulation.StringValue"
                        },
                        {
                            "value": 0,
                            "$type": "kOS.Safe.Encapsulation.ScalarIntValue"
                        },
                        {
                            "value": "type",
                            "$type": "kOS.Safe.Encapsulation.StringValue"
                        },
                        {
                            "value": 0,
                            "$type": "kOS.Safe.Encapsulation.ScalarIntValue"
                        },
                        {
                            "value": "capacity",
                            "$type": "kOS.Safe.Encapsulation.StringValue"
                        },
                        {
                            "value": 100000,
                            "$type": "kOS.Safe.Encapsulation.ScalarIntValue"
                        }
                    ],
                    "$type": "kOS.Safe.Encapsulation.Lexicon"
                },
                {
                    "value": "fairing",
                    "$type": "kOS.Safe.Encapsulation.StringValue"
                },
                {
                    "items": [
                        {
                            "value": 60000,
                            "$type": "kOS.Safe.Encapsulation.ScalarIntValue"
                        },
                        {
                            "value": 0,
                            "$type": "kOS.Safe.Encapsulation.ScalarIntValue"
                        }
                    ],
                    "$type": "kOS.Safe.Encapsulation.ListValue"
                },
                {
                    "value": "vertAsc",
                    "$type": "kOS.Safe.Encapsulation.StringValue"
                },
                {
                    "items": [
                        {
                            "value": 150,
                            "$type": "kOS.Safe.Encapsulation.ScalarIntValue"
                        },
                        {
                            "value": 0,
                            "$type": "kOS.Safe.Encapsulation.ScalarIntValue"
                        }
                    ],
                    "$type": "kOS.Safe.Encapsulation.ListValue"
                },
                {
                    "value": "CT",
                    "$type": "kOS.Safe.Encapsulation.StringValue"
                },
                {
                    "value": 20,
                    "$type": "kOS.Safe.Encapsulation.ScalarIntValue"
                },
                {
                    "value": "wDT",
                    "$type": "kOS.Safe.Encapsulation.StringValue"
                },
                {
                    "value": 10,
                    "$type": "kOS.Safe.Encapsulation.ScalarIntValue"
                },
                {
                    "value": "IT",
                    "$type": "kOS.Safe.Encapsulation.StringValue"
                },
                {
                    "value": 5,
                    "$type": "kOS.Safe.Encapsulation.ScalarIntValue"
                },
                {
                    "value": "runFile",
                    "$type": "kOS.Safe.Encapsulation.StringValue"
                },
                {
                    "items": [
                        {
                            "value": "FH",
                            "$type": "kOS.Safe.Encapsulation.StringValue"
                        },
                        {
                            "value": "2.1",
                            "$type": "kOS.Safe.Encapsulation.StringValue"
                        }
                    ],
                    "$type": "kOS.Safe.Encapsulation.ListValue"
                }
            ],
            "$type": "kOS.Safe.Encapsulation.Lexicon"
        },
        {
            "value": "Falcon 9",
            "$type": "kOS.Safe.Encapsulation.StringValue"
        },
        {
            "entries": [
                {
                    "value": "title",
                    "$type": "kOS.Safe.Encapsulation.StringValue"
                },
                {
                    "value": "Falcon 9",
                    "$type": "kOS.Safe.Encapsulation.StringValue"
                },
                {
                    "value": "ap",
                    "$type": "kOS.Safe.Encapsulation.StringValue"
                },
                {
                    "value": 150000,
                    "$type": "kOS.Safe.Encapsulation.ScalarIntValue"
                },
                {
                    "value": "pe",
                    "$type": "kOS.Safe.Encapsulation.StringValue"
                },
                {
                    "value": 150000,
                    "$type": "kOS.Safe.Encapsulation.ScalarIntValue"
                },
                {
                    "value": "inc",
                    "$type": "kOS.Safe.Encapsulation.StringValue"
                },
                {
                    "value": 0,
                    "$type": "kOS.Safe.Encapsulation.ScalarIntValue"
                },
                {
                    "value": "lng",
                    "$type": "kOS.Safe.Encapsulation.StringValue"
                },
                {
                    "value": 0,
                    "$type": "kOS.Safe.Encapsulation.ScalarIntValue"
                },
                {
                    "value": "aop",
                    "$type": "kOS.Safe.Encapsulation.StringValue"
                },
                {
                    "value": 0,
                    "$type": "kOS.Safe.Encapsulation.ScalarIntValue"
                },
                {
                    "value": "lz-1",
                    "$type": "kOS.Safe.Encapsulation.StringValue"
                },
                {
                    "entries": [
                        {
                            "value": "title",
                            "$type": "kOS.Safe.Encapsulation.StringValue"
                        },
                        {
                            "value": "CCSFS LZ-1",
                            "$type": "kOS.Safe.Encapsulation.StringValue"
                        },
                        {
                            "value": "latlng",
                            "$type": "kOS.Safe.Encapsulation.StringValue"
                        },
                        {
                            "lat": 28.32617,
                            "lng": -80.35055,
                            "body": {
                                "name": "Earth",
                                "$type": "kOS.Suffixed.BodyTarget"
                            },
                            "$type": "kOS.Suffixed.GeoCoordinates"
                        },
                        {
                            "value": "alt",
                            "$type": "kOS.Safe.Encapsulation.StringValue"
                        },
                        {
                            "value": 0,
                            "$type": "kOS.Safe.Encapsulation.ScalarIntValue"
                        },
                        {
                            "value": "type",
                            "$type": "kOS.Safe.Encapsulation.StringValue"
                        },
                        {
                            "value": 1,
                            "$type": "kOS.Safe.Encapsulation.ScalarIntValue"
                        },
                        {
                            "value": "capacity",
                            "$type": "kOS.Safe.Encapsulation.StringValue"
                        },
                        {
                            "value": 1000000,
                            "$type": "kOS.Safe.Encapsulation.ScalarIntValue"
                        }
                    ],
                    "$type": "kOS.Safe.Encapsulation.Lexicon"
                },
                {
                    "value": "lz-2",
                    "$type": "kOS.Safe.Encapsulation.StringValue"
                },
                {
                    "entries": [
                        {
                            "value": "title",
                            "$type": "kOS.Safe.Encapsulation.StringValue"
                        },
                        {
                            "value": "Expendable",
                            "$type": "kOS.Safe.Encapsulation.StringValue"
                        },
                        {
                            "value": "latlng",
                            "$type": "kOS.Safe.Encapsulation.StringValue"
                        },
                        {
                            "lat": 0,
                            "lng": 0,
                            "body": {
                                "name": "Earth",
                                "$type": "kOS.Suffixed.BodyTarget"
                            },
                            "$type": "kOS.Suffixed.GeoCoordinates"
                        },
                        {
                            "value": "alt",
                            "$type": "kOS.Safe.Encapsulation.StringValue"
                        },
                        {
                            "value": 0,
                            "$type": "kOS.Safe.Encapsulation.ScalarIntValue"
                        },
                        {
                            "value": "type",
                            "$type": "kOS.Safe.Encapsulation.StringValue"
                        },
                        {
                            "value": 0,
                            "$type": "kOS.Safe.Encapsulation.ScalarIntValue"
                        },
                        {
                            "value": "capacity",
                            "$type": "kOS.Safe.Encapsulation.StringValue"
                        },
                        {
                            "value": 100000,
                            "$type": "kOS.Safe.Encapsulation.ScalarIntValue"
                        }
                    ],
                    "$type": "kOS.Safe.Encapsulation.Lexicon"
                },
                {
                    "value": "lz-3",
                    "$type": "kOS.Safe.Encapsulation.StringValue"
                },
                {
                    "entries": [
                        {
                            "value": "title",
                            "$type": "kOS.Safe.Encapsulation.StringValue"
                        },
                        {
                            "value": "Expendable",
                            "$type": "kOS.Safe.Encapsulation.StringValue"
                        },
                        {
                            "value": "latlng",
                            "$type": "kOS.Safe.Encapsulation.StringValue"
                        },
                        {
                            "lat": 0,
                            "lng": 0,
                            "body": {
                                "name": "Earth",
                                "$type": "kOS.Suffixed.BodyTarget"
                            },
                            "$type": "kOS.Suffixed.GeoCoordinates"
                        },
                        {
                            "value": "alt",
                            "$type": "kOS.Safe.Encapsulation.StringValue"
                        },
                        {
                            "value": 0,
                            "$type": "kOS.Safe.Encapsulation.ScalarIntValue"
                        },
                        {
                            "value": "type",
                            "$type": "kOS.Safe.Encapsulation.StringValue"
                        },
                        {
                            "value": 0,
                            "$type": "kOS.Safe.Encapsulation.ScalarIntValue"
                        },
                        {
                            "value": "capacity",
                            "$type": "kOS.Safe.Encapsulation.StringValue"
                        },
                        {
                            "value": 100000,
                            "$type": "kOS.Safe.Encapsulation.ScalarIntValue"
                        }
                    ],
                    "$type": "kOS.Safe.Encapsulation.Lexicon"
                },
                {
                    "value": "lz-4",
                    "$type": "kOS.Safe.Encapsulation.StringValue"
                },
                {
                    "entries": [
                        {
                            "value": "title",
                            "$type": "kOS.Safe.Encapsulation.StringValue"
                        },
                        {
                            "value": "Expendable",
                            "$type": "kOS.Safe.Encapsulation.StringValue"
                        },
                        {
                            "value": "latlng",
                            "$type": "kOS.Safe.Encapsulation.StringValue"
                        },
                        {
                            "lat": 0,
                            "lng": 0,
                            "body": {
                                "name": "Earth",
                                "$type": "kOS.Suffixed.BodyTarget"
                            },
                            "$type": "kOS.Suffixed.GeoCoordinates"
                        },
                        {
                            "value": "alt",
                            "$type": "kOS.Safe.Encapsulation.StringValue"
                        },
                        {
                            "value": 0,
                            "$type": "kOS.Safe.Encapsulation.ScalarIntValue"
                        },
                        {
                            "value": "type",
                            "$type": "kOS.Safe.Encapsulation.StringValue"
                        },
                        {
                            "value": 0,
                            "$type": "kOS.Safe.Encapsulation.ScalarIntValue"
                        },
                        {
                            "value": "capacity",
                            "$type": "kOS.Safe.Encapsulation.StringValue"
                        },
                        {
                            "value": 100000,
                            "$type": "kOS.Safe.Encapsulation.ScalarIntValue"
                        }
                    ],
                    "$type": "kOS.Safe.Encapsulation.Lexicon"
                },
                {
                    "value": "lz-5",
                    "$type": "kOS.Safe.Encapsulation.StringValue"
                },
                {
                    "entries": [
                        {
                            "value": "title",
                            "$type": "kOS.Safe.Encapsulation.StringValue"
                        },
                        {
                            "value": "Expendable",
                            "$type": "kOS.Safe.Encapsulation.StringValue"
                        },
                        {
                            "value": "latlng",
                            "$type": "kOS.Safe.Encapsulation.StringValue"
                        },
                        {
                            "lat": 0,
                            "lng": 0,
                            "body": {
                                "name": "Earth",
                                "$type": "kOS.Suffixed.BodyTarget"
                            },
                            "$type": "kOS.Suffixed.GeoCoordinates"
                        },
                        {
                            "value": "alt",
                            "$type": "kOS.Safe.Encapsulation.StringValue"
                        },
                        {
                            "value": 0,
                            "$type": "kOS.Safe.Encapsulation.ScalarIntValue"
                        },
                        {
                            "value": "type",
                            "$type": "kOS.Safe.Encapsulation.StringValue"
                        },
                        {
                            "value": 0,
                            "$type": "kOS.Safe.Encapsulation.ScalarIntValue"
                        },
                        {
                            "value": "capacity",
                            "$type": "kOS.Safe.Encapsulation.StringValue"
                        },
                        {
                            "value": 100000,
                            "$type": "kOS.Safe.Encapsulation.ScalarIntValue"
                        }
                    ],
                    "$type": "kOS.Safe.Encapsulation.Lexicon"
                },
                {
                    "value": "fairing",
                    "$type": "kOS.Safe.Encapsulation.StringValue"
                },
                {
                    "items": [
                        {
                            "value": 60000,
                            "$type": "kOS.Safe.Encapsulation.ScalarIntValue"
                        },
                        {
                            "value": 0,
                            "$type": "kOS.Safe.Encapsulation.ScalarIntValue"
                        }
                    ],
                    "$type": "kOS.Safe.Encapsulation.ListValue"
                },
                {
                    "value": "vertAsc",
                    "$type": "kOS.Safe.Encapsulation.StringValue"
                },
                {
                    "items": [
                        {
                            "value": 25,
                            "$type": "kOS.Safe.Encapsulation.ScalarIntValue"
                        },
                        {
                            "value": 1,
                            "$type": "kOS.Safe.Encapsulation.ScalarIntValue"
                        }
                    ],
                    "$type": "kOS.Safe.Encapsulation.ListValue"
                },
                {
                    "value": "CT",
                    "$type": "kOS.Safe.Encapsulation.StringValue"
                },
                {
                    "value": 10,
                    "$type": "kOS.Safe.Encapsulation.ScalarIntValue"
                },
                {
                    "value": "wDT",
                    "$type": "kOS.Safe.Encapsulation.StringValue"
                },
                {
                    "value": 5,
                    "$type": "kOS.Safe.Encapsulation.ScalarIntValue"
                },
                {
                    "value": "IT",
                    "$type": "kOS.Safe.Encapsulation.StringValue"
                },
                {
                    "value": 1,
                    "$type": "kOS.Safe.Encapsulation.ScalarIntValue"
                },
                {
                    "value": "runFile",
                    "$type": "kOS.Safe.Encapsulation.StringValue"
                },
                {
                    "items": [
                        {
                            "value": "FH",
                            "$type": "kOS.Safe.Encapsulation.StringValue"
                        },
                        {
                            "value": "1.0",
                            "$type": "kOS.Safe.Encapsulation.StringValue"
                        }
                    ],
                    "$type": "kOS.Safe.Encapsulation.ListValue"
                }
            ],
            "$type": "kOS.Safe.Encapsulation.Lexicon"
        },
        {
            "value": "Falcon Heavy",
            "$type": "kOS.Safe.Encapsulation.StringValue"
        },
        {
            "entries": [
                {
                    "value": "title",
                    "$type": "kOS.Safe.Encapsulation.StringValue"
                },
                {
                    "value": "Falcon Heavy",
                    "$type": "kOS.Safe.Encapsulation.StringValue"
                },
                {
                    "value": "ap",
                    "$type": "kOS.Safe.Encapsulation.StringValue"
                },
                {
                    "value": 1500000,
                    "$type": "kOS.Safe.Encapsulation.ScalarIntValue"
                },
                {
                    "value": "pe",
                    "$type": "kOS.Safe.Encapsulation.StringValue"
                },
                {
                    "value": 1500000,
                    "$type": "kOS.Safe.Encapsulation.ScalarIntValue"
                },
                {
                    "value": "inc",
                    "$type": "kOS.Safe.Encapsulation.StringValue"
                },
                {
                    "value": 0,
                    "$type": "kOS.Safe.Encapsulation.ScalarIntValue"
                },
                {
                    "value": "lng",
                    "$type": "kOS.Safe.Encapsulation.StringValue"
                },
                {
                    "value": 0,
                    "$type": "kOS.Safe.Encapsulation.ScalarIntValue"
                },
                {
                    "value": "aop",
                    "$type": "kOS.Safe.Encapsulation.StringValue"
                },
                {
                    "value": 0,
                    "$type": "kOS.Safe.Encapsulation.ScalarIntValue"
                },
                {
                    "value": "lz-1",
                    "$type": "kOS.Safe.Encapsulation.StringValue"
                },
                {
                    "entries": [
                        {
                            "value": "title",
                            "$type": "kOS.Safe.Encapsulation.StringValue"
                        },
                        {
                            "value": "OCISLY",
                            "$type": "kOS.Safe.Encapsulation.StringValue"
                        },
                        {
                            "value": "latlng",
                            "$type": "kOS.Safe.Encapsulation.StringValue"
                        },
                        {
                            "lat": 27.40940469,
                            "lng": -62.10615024,
                            "body": {
                                "name": "Earth",
                                "$type": "kOS.Suffixed.BodyTarget"
                            },
                            "$type": "kOS.Suffixed.GeoCoordinates"
                        },
                        {
                            "value": "alt",
                            "$type": "kOS.Safe.Encapsulation.StringValue"
                        },
                        {
                            "value": 3.5,
                            "$type": "kOS.Safe.Encapsulation.ScalarDoubleValue"
                        },
                        {
                            "value": "type",
                            "$type": "kOS.Safe.Encapsulation.StringValue"
                        },
                        {
                            "value": 2,
                            "$type": "kOS.Safe.Encapsulation.ScalarIntValue"
                        },
                        {
                            "value": "capacity",
                            "$type": "kOS.Safe.Encapsulation.StringValue"
                        },
                        {
                            "value": 100000,
                            "$type": "kOS.Safe.Encapsulation.ScalarIntValue"
                        }
                    ],
                    "$type": "kOS.Safe.Encapsulation.Lexicon"
                },
                {
                    "value": "lz-2",
                    "$type": "kOS.Safe.Encapsulation.StringValue"
                },
                {
                    "entries": [
                        {
                            "value": "title",
                            "$type": "kOS.Safe.Encapsulation.StringValue"
                        },
                        {
                            "value": "CCSFS LZ-2",
                            "$type": "kOS.Safe.Encapsulation.StringValue"
                        },
                        {
                            "value": "latlng",
                            "$type": "kOS.Safe.Encapsulation.StringValue"
                        },
                        {
                            "lat": 28.33238,
                            "lng": -80.35655,
                            "body": {
                                "name": "Earth",
                                "$type": "kOS.Suffixed.BodyTarget"
                            },
                            "$type": "kOS.Suffixed.GeoCoordinates"
                        },
                        {
                            "value": "alt",
                            "$type": "kOS.Safe.Encapsulation.StringValue"
                        },
                        {
                            "value": 0,
                            "$type": "kOS.Safe.Encapsulation.ScalarIntValue"
                        },
                        {
                            "value": "type",
                            "$type": "kOS.Safe.Encapsulation.StringValue"
                        },
                        {
                            "value": 1,
                            "$type": "kOS.Safe.Encapsulation.ScalarIntValue"
                        },
                        {
                            "value": "capacity",
                            "$type": "kOS.Safe.Encapsulation.StringValue"
                        },
                        {
                            "value": 1000000,
                            "$type": "kOS.Safe.Encapsulation.ScalarIntValue"
                        }
                    ],
                    "$type": "kOS.Safe.Encapsulation.Lexicon"
                },
                {
                    "value": "lz-3",
                    "$type": "kOS.Safe.Encapsulation.StringValue"
                },
                {
                    "entries": [
                        {
                            "value": "title",
                            "$type": "kOS.Safe.Encapsulation.StringValue"
                        },
                        {
                            "value": "CCSFS LZ-1",
                            "$type": "kOS.Safe.Encapsulation.StringValue"
                        },
                        {
                            "value": "latlng",
                            "$type": "kOS.Safe.Encapsulation.StringValue"
                        },
                        {
                            "lat": 28.32617,
                            "lng": -80.35055,
                            "body": {
                                "name": "Earth",
                                "$type": "kOS.Suffixed.BodyTarget"
                            },
                            "$type": "kOS.Suffixed.GeoCoordinates"
                        },
                        {
                            "value": "alt",
                            "$type": "kOS.Safe.Encapsulation.StringValue"
                        },
                        {
                            "value": 0,
                            "$type": "kOS.Safe.Encapsulation.ScalarIntValue"
                        },
                        {
                            "value": "type",
                            "$type": "kOS.Safe.Encapsulation.StringValue"
                        },
                        {
                            "value": 1,
                            "$type": "kOS.Safe.Encapsulation.ScalarIntValue"
                        },
                        {
                            "value": "capacity",
                            "$type": "kOS.Safe.Encapsulation.StringValue"
                        },
                        {
                            "value": 1000000,
                            "$type": "kOS.Safe.Encapsulation.ScalarIntValue"
                        }
                    ],
                    "$type": "kOS.Safe.Encapsulation.Lexicon"
                },
                {
                    "value": "lz-4",
                    "$type": "kOS.Safe.Encapsulation.StringValue"
                },
                {
                    "entries": [
                        {
                            "value": "title",
                            "$type": "kOS.Safe.Encapsulation.StringValue"
                        },
                        {
                            "value": "Expendable",
                            "$type": "kOS.Safe.Encapsulation.StringValue"
                        },
                        {
                            "value": "latlng",
                            "$type": "kOS.Safe.Encapsulation.StringValue"
                        },
                        {
                            "lat": 0,
                            "lng": 0,
                            "body": {
                                "name": "Earth",
                                "$type": "kOS.Suffixed.BodyTarget"
                            },
                            "$type": "kOS.Suffixed.GeoCoordinates"
                        },
                        {
                            "value": "alt",
                            "$type": "kOS.Safe.Encapsulation.StringValue"
                        },
                        {
                            "value": 0,
                            "$type": "kOS.Safe.Encapsulation.ScalarIntValue"
                        },
                        {
                            "value": "type",
                            "$type": "kOS.Safe.Encapsulation.StringValue"
                        },
                        {
                            "value": 0,
                            "$type": "kOS.Safe.Encapsulation.ScalarIntValue"
                        },
                        {
                            "value": "capacity",
                            "$type": "kOS.Safe.Encapsulation.StringValue"
                        },
                        {
                            "value": 100000,
                            "$type": "kOS.Safe.Encapsulation.ScalarIntValue"
                        }
                    ],
                    "$type": "kOS.Safe.Encapsulation.Lexicon"
                },
                {
                    "value": "lz-5",
                    "$type": "kOS.Safe.Encapsulation.StringValue"
                },
                {
                    "entries": [
                        {
                            "value": "title",
                            "$type": "kOS.Safe.Encapsulation.StringValue"
                        },
                        {
                            "value": "Expendable",
                            "$type": "kOS.Safe.Encapsulation.StringValue"
                        },
                        {
                            "value": "latlng",
                            "$type": "kOS.Safe.Encapsulation.StringValue"
                        },
                        {
                            "lat": 0,
                            "lng": 0,
                            "body": {
                                "name": "Earth",
                                "$type": "kOS.Suffixed.BodyTarget"
                            },
                            "$type": "kOS.Suffixed.GeoCoordinates"
                        },
                        {
                            "value": "alt",
                            "$type": "kOS.Safe.Encapsulation.StringValue"
                        },
                        {
                            "value": 0,
                            "$type": "kOS.Safe.Encapsulation.ScalarIntValue"
                        },
                        {
                            "value": "type",
                            "$type": "kOS.Safe.Encapsulation.StringValue"
                        },
                        {
                            "value": 0,
                            "$type": "kOS.Safe.Encapsulation.ScalarIntValue"
                        },
                        {
                            "value": "capacity",
                            "$type": "kOS.Safe.Encapsulation.StringValue"
                        },
                        {
                            "value": 100000,
                            "$type": "kOS.Safe.Encapsulation.ScalarIntValue"
                        }
                    ],
                    "$type": "kOS.Safe.Encapsulation.Lexicon"
                },
                {
                    "value": "fairing",
                    "$type": "kOS.Safe.Encapsulation.StringValue"
                },
                {
                    "items": [
                        {
                            "value": 60000,
                            "$type": "kOS.Safe.Encapsulation.ScalarIntValue"
                        },
                        {
                            "value": 0,
                            "$type": "kOS.Safe.Encapsulation.ScalarIntValue"
                        }
                    ],
                    "$type": "kOS.Safe.Encapsulation.ListValue"
                },
                {
                    "value": "vertAsc",
                    "$type": "kOS.Safe.Encapsulation.StringValue"
                },
                {
                    "items": [
                        {
                            "value": 150,
                            "$type": "kOS.Safe.Encapsulation.ScalarIntValue"
                        },
                        {
                            "value": 0,
                            "$type": "kOS.Safe.Encapsulation.ScalarIntValue"
                        }
                    ],
                    "$type": "kOS.Safe.Encapsulation.ListValue"
                },
                {
                    "value": "CT",
                    "$type": "kOS.Safe.Encapsulation.StringValue"
                },
                {
                    "value": 20,
                    "$type": "kOS.Safe.Encapsulation.ScalarIntValue"
                },
                {
                    "value": "wDT",
                    "$type": "kOS.Safe.Encapsulation.StringValue"
                },
                {
                    "value": 10,
                    "$type": "kOS.Safe.Encapsulation.ScalarIntValue"
                },
                {
                    "value": "IT",
                    "$type": "kOS.Safe.Encapsulation.StringValue"
                },
                {
                    "value": 5,
                    "$type": "kOS.Safe.Encapsulation.ScalarIntValue"
                },
                {
                    "value": "runFile",
                    "$type": "kOS.Safe.Encapsulation.StringValue"
                },
                {
                    "items": [
                        {
                            "value": "FH",
                            "$type": "kOS.Safe.Encapsulation.StringValue"
                        },
                        {
                            "value": "2.1",
                            "$type": "kOS.Safe.Encapsulation.StringValue"
                        }
                    ],
                    "$type": "kOS.Safe.Encapsulation.ListValue"
                }
            ],
            "$type": "kOS.Safe.Encapsulation.Lexicon"
        }
    ],
    "$type": "kOS.Safe.Encapsulation.Lexicon"
}