{
    "entries": [
        {
            "value": "Expendable",
            "$type": "kOS.Safe.Encapsulation.StringValue"
        },
        {
            "entries": [
                {
                    "value": "title",
                    "$type": "kOS.Safe.Encapsulation.StringValue"
                },
                {
                    "value": "Expendable",
                    "$type": "kOS.Safe.Encapsulation.StringValue"
                },
                {
                    "value": "latlng",
                    "$type": "kOS.Safe.Encapsulation.StringValue"
                },
                {
                    "lat": 0,
                    "lng": 0,
                    "body": {
                        "name": "Earth",
                        "$type": "kOS.Suffixed.BodyTarget"
                    },
                    "$type": "kOS.Suffixed.GeoCoordinates"
                },
                {
                    "value": "alt",
                    "$type": "kOS.Safe.Encapsulation.StringValue"
                },
                {
                    "value": 0,
                    "$type": "kOS.Safe.Encapsulation.ScalarIntValue"
                },
                {
                    "value": "type",
                    "$type": "kOS.Safe.Encapsulation.StringValue"
                },
                {
                    "value": 0,
                    "$type": "kOS.Safe.Encapsulation.ScalarIntValue"
                },
                {
                    "value": "capacity",
                    "$type": "kOS.Safe.Encapsulation.StringValue"
                },
                {
                    "value": 100000,
                    "$type": "kOS.Safe.Encapsulation.ScalarIntValue"
                }
            ],
            "$type": "kOS.Safe.Encapsulation.Lexicon"
        },
        {
            "value": "CCSFS LZ-1",
            "$type": "kOS.Safe.Encapsulation.StringValue"
        },
        {
            "entries": [
                {
                    "value": "title",
                    "$type": "kOS.Safe.Encapsulation.StringValue"
                },
                {
                    "value": "CCSFS LZ-1",
                    "$type": "kOS.Safe.Encapsulation.StringValue"
                },
                {
                    "value": "latlng",
                    "$type": "kOS.Safe.Encapsulation.StringValue"
                },
                {
                    "lat": 28.32617,
                    "lng": -80.35055,
                    "body": {
                        "name": "Earth",
                        "$type": "kOS.Suffixed.BodyTarget"
                    },
                    "$type": "kOS.Suffixed.GeoCoordinates"
                },
                {
                    "value": "alt",
                    "$type": "kOS.Safe.Encapsulation.StringValue"
                },
                {
                    "value": 0,
                    "$type": "kOS.Safe.Encapsulation.ScalarIntValue"
                },
                {
                    "value": "type",
                    "$type": "kOS.Safe.Encapsulation.StringValue"
                },
                {
                    "value": 1,
                    "$type": "kOS.Safe.Encapsulation.ScalarIntValue"
                },
                {
                    "value": "capacity",
                    "$type": "kOS.Safe.Encapsulation.StringValue"
                },
                {
                    "value": 1000000,
                    "$type": "kOS.Safe.Encapsulation.ScalarIntValue"
                }
            ],
            "$type": "kOS.Safe.Encapsulation.Lexicon"
        },
        {
            "value": "CCSFS LZ-2",
            "$type": "kOS.Safe.Encapsulation.StringValue"
        },
        {
            "entries": [
                {
                    "value": "title",
                    "$type": "kOS.Safe.Encapsulation.StringValue"
                },
                {
                    "value": "CCSFS LZ-2",
                    "$type": "kOS.Safe.Encapsulation.StringValue"
                },
                {
                    "value": "latlng",
                    "$type": "kOS.Safe.Encapsulation.StringValue"
                },
                {
                    "lat": 28.33238,
                    "lng": -80.35655,
                    "body": {
                        "name": "Earth",
                        "$type": "kOS.Suffixed.BodyTarget"
                    },
                    "$type": "kOS.Suffixed.GeoCoordinates"
                },
                {
                    "value": "alt",
                    "$type": "kOS.Safe.Encapsulation.StringValue"
                },
                {
                    "value": 0,
                    "$type": "kOS.Safe.Encapsulation.ScalarIntValue"
                },
                {
                    "value": "type",
                    "$type": "kOS.Safe.Encapsulation.StringValue"
                },
                {
                    "value": 1,
                    "$type": "kOS.Safe.Encapsulation.ScalarIntValue"
                },
                {
                    "value": "capacity",
                    "$type": "kOS.Safe.Encapsulation.StringValue"
                },
                {
                    "value": 1000000,
                    "$type": "kOS.Safe.Encapsulation.ScalarIntValue"
                }
            ],
            "$type": "kOS.Safe.Encapsulation.Lexicon"
        },
        {
            "value": "OCISLY",
            "$type": "kOS.Safe.Encapsulation.StringValue"
        },
        {
            "entries": [
                {
                    "value": "title",
                    "$type": "kOS.Safe.Encapsulation.StringValue"
                },
                {
                    "value": "OCISLY",
                    "$type": "kOS.Safe.Encapsulation.StringValue"
                },
                {
                    "value": "latlng",
                    "$type": "kOS.Safe.Encapsulation.StringValue"
                },
                {
                    "lat": 27.40940469,
                    "lng": -62.10615024,
                    "body": {
                        "name": "Earth",
                        "$type": "kOS.Suffixed.BodyTarget"
                    },
                    "$type": "kOS.Suffixed.GeoCoordinates"
                },
                {
                    "value": "alt",
                    "$type": "kOS.Safe.Encapsulation.StringValue"
                },
                {
                    "value": 3.5,
                    "$type": "kOS.Safe.Encapsulation.ScalarDoubleValue"
                },
                {
                    "value": "type",
                    "$type": "kOS.Safe.Encapsulation.StringValue"
                },
                {
                    "value": 2,
                    "$type": "kOS.Safe.Encapsulation.ScalarIntValue"
                },
                {
                    "value": "capacity",
                    "$type": "kOS.Safe.Encapsulation.StringValue"
                },
                {
                    "value": 100000,
                    "$type": "kOS.Safe.Encapsulation.ScalarIntValue"
                }
            ],
            "$type": "kOS.Safe.Encapsulation.Lexicon"
        }
    ],
    "$type": "kOS.Safe.Encapsulation.Lexicon"
}